stage,warning_count_total,warning_count_mean,accuracy_mean,macro_f1_mean
before,2,0.6666666666666666,0.964098315382491,0.9643470827806321
after,2,0.6666666666666666,0.9652029826014914,0.9663038873166733
