accuracy,macro_f1,n_samples,method,seed,split
0.975973487986744,0.9750040157357964,1207,hog_svm,123,test
0.9991714995857498,0.9993492871339452,1207,resnet18,123,test
