accuracy,macro_f1,n_samples,method,seed,split
0.9602319801159901,0.9624962343340927,1207,hog_svm,2026,test
