accuracy,macro_f1,n_samples,method,seed,split
0.96023198011599,0.9624962343340928,1207,hog_svm,2026,test
0.9908864954432476,0.9897687086547208,1207,resnet18,2026,test
