accuracy,macro_f1,n_samples,method,seed,split
0.95940347970174,0.961091395622456,1207,hog_svm,42,test
0.9983429991714996,0.9981441704613798,1207,resnet18,42,test
