accuracy,macro_f1,n_samples,method,seed,split
0.9585749792874897,0.9596649398643009,1207,hog_svm,2026,test
