accuracy,macro_f1,n_samples,method,seed,split
0.9966749792186201,0.9959118317067593,1203,resnet18,2026,val
