class,precision,recall,f1,support
halfling,1.0,1.0,1.0,198
human,1.0,0.9979296066252588,0.9989637305699481,483
lizard,0.987012987012987,1.0,0.9934640522875817,228
orc,1.0,0.9951923076923077,0.9975903614457832,208
wingedrat,0.9882352941176471,0.9767441860465116,0.9824561403508771,86
