class,precision,recall,f1,support
halfling,0.970873786407767,1.0,0.9852216748768473,200
human,0.9936974789915967,0.979296066252588,0.986444212721585,483
lizard,0.9861111111111112,0.9466666666666667,0.9659863945578231,225
orc,0.9223744292237442,0.9758454106280193,0.9483568075117371,207
wingedrat,1.0,0.9782608695652174,0.989010989010989,92
