class,precision,recall,f1,support
halfling,1.0,1.0,1.0,198
human,1.0,1.0,1.0,483
lizard,0.9956331877729258,1.0,0.9978118161925602,228
orc,0.9952153110047847,1.0,0.9976019184652278,208
wingedrat,1.0,0.9767441860465116,0.9882352941176471,86
