class,precision,recall,f1,support
halfling,0.9565217391304348,0.99,0.972972972972973,200
human,0.987012987012987,0.9440993788819876,0.9650793650793651,483
lizard,0.9356223175965666,0.9688888888888889,0.9519650655021834,225
orc,0.92018779342723,0.9468599033816425,0.9333333333333333,207
wingedrat,0.9891304347826086,0.9891304347826086,0.9891304347826086,92
