class,precision,recall,f1,support
halfling,1.0,1.0,1.0,200
human,1.0,0.9979296066252588,0.9989637305699481,483
lizard,0.995575221238938,1.0,0.9977827050997783,225
orc,1.0,1.0,1.0,207
wingedrat,1.0,1.0,1.0,92
