class,precision,recall,f1,support
halfling,0.9142857142857143,0.96,0.9365853658536586,200
human,0.9807692307692307,0.9503105590062112,0.9652996845425867,483
lizard,0.961038961038961,0.9866666666666667,0.9736842105263158,225
orc,0.9414634146341463,0.9323671497584541,0.9368932038834952,207
wingedrat,0.989247311827957,1.0,0.9945945945945946,92
