class,precision,recall,f1,support
halfling,1.0,1.0,1.0,200
human,1.0,1.0,1.0,483
lizard,0.9911894273127754,1.0,0.995575221238938,225
orc,1.0,0.9903381642512077,0.9951456310679612,207
wingedrat,1.0,1.0,1.0,92
