class,precision,recall,f1,support
halfling,0.9170731707317074,0.9494949494949495,0.9330024813895782,198
human,0.9754601226993865,0.9875776397515528,0.9814814814814815,483
lizard,0.9773755656108597,0.9473684210526315,0.9621380846325167,228
orc,0.9746192893401016,0.9230769230769231,0.9481481481481482,208
wingedrat,0.9230769230769231,0.9767441860465116,0.9491525423728814,86
