class,precision,recall,f1,support
halfling,0.937799043062201,0.98989898989899,0.9631449631449631,198
human,0.9875259875259875,0.9834368530020704,0.9854771784232366,483
lizard,0.9866071428571429,0.9692982456140351,0.9778761061946902,228
orc,0.9658536585365853,0.9519230769230769,0.9588377723970944,208
wingedrat,0.9880952380952381,0.9651162790697675,0.9764705882352941,86
