class,precision,recall,f1,support
halfling,0.9516908212560387,0.9949494949494949,0.9728395061728395,198
human,0.9956896551724138,0.9565217391304348,0.9757127771911299,483
lizard,0.9367088607594937,0.9736842105263158,0.9548387096774194,228
orc,0.9567307692307693,0.9567307692307693,0.9567307692307693,208
wingedrat,0.9885057471264368,1.0,0.9942196531791907,86
