class,precision,recall,f1,support
halfling,1.0,1.0,1.0,200
human,1.0,1.0,1.0,483
lizard,0.9533898305084746,1.0,0.9761388286334056,225
orc,1.0,0.9468599033816425,0.9727047146401985,207
wingedrat,1.0,1.0,1.0,92
