class,precision,recall,f1,support
halfling,1.0,1.0,1.0,198
human,1.0,0.9979296066252588,0.9989637305699481,483
lizard,0.9912280701754386,0.9912280701754386,0.9912280701754386,228
orc,0.9904761904761905,1.0,0.9952153110047847,208
wingedrat,1.0,0.9883720930232558,0.9941520467836257,86
