class,precision,recall,f1,support,method
wingedrat,0.9891304347826086,0.9891304347826086,0.9891304347826086,92,hog_svm
wingedrat,1.0,1.0,1.0,92,resnet18
